identifier,type,currentTag,nfcSerial,locationName,status,keyCount,fobCount,keyDescription,address,notes
A24-002,Day Shift,,,No Keys Held,Present,0,0,,"Wellpark, 120 Sydney Street, Glasgow, G31 1JF",Code to enter Premises
A24-002,Night Shift,,,No Keys Held,Present,0,0,,"Wellpark, 120 Sydney Street, Glasgow, G31 1JF",Code to enter Premises
A24-004,Day Shift,,,Van 1,Present,4,0,,"4 Sutherland Avenue, Glasgow, G41 4JH",
A24-004,Night Shift,,,Van 2,Present,4,0,,"4 Sutherland Avenue, Glasgow, G41 4JH",
A24-007,Day Shift,,,Van 1,Present,3,0,,"Scotland Cat Centre, Cardyke Farm, Kirkintilloch, Glasgow, G66 5LD",
A24-007,Night Shift,,,No Keys Held,Present,0,0,,"Scotland Cat Centre, Cardyke Farm, Kirkintilloch, Glasgow, G66 5LD",
A24-014,Day Shift,,,Van 1,Present,4,0,,"Shred-It, 18 Marlow Street Glasgow, G41 1LR",
A24-014,Night Shift,,,Van 2,Present,4,1,,"Shred-It, 18 Marlow Street Glasgow, G41 1LR",
A24-015,Day Shift,,,Van 1,Present,6,0,,"Airbles House, Airbles Road, Motherwell ML1 3AT",
A24-015,Night Shift,,,Van 2,Present,6,0,,"Airbles House, Airbles Road, Motherwell ML1 3AT",
A24-017,Day Shift,,,Van 1,Present,3,1,,"Maryhill Burgh Halls, 10-24 Gairbraid Avenue, Glasgow, G20 8YE",
A24-017,Night Shift,,,Van 2,Present,3,1,,"Maryhill Burgh Halls, 10-24 Gairbraid Avenue, Glasgow, G20 8YE",
A24-023,Day Shift,,,Van 1,Present,1,2,,"Coughtrie International Ltd, 69 - 71 Montrose Avenue, Hillington, Glasgow, G52 4LA",
A24-023,Night Shift,,,Van 2,Present,1,2,,"Coughtrie International Ltd, 69 - 71 Montrose Avenue, Hillington, Glasgow, G52 4LA",
A24-030,Day Shift,,,Van 1,Present,1,1,,"Teknek, River Drive, Inchinnan, PA4 9RT",
A24-030,Night Shift,,,Van 2,Present,1,1,,"Teknek, River Drive, Inchinnan, PA4 9RT",
A24-031,Day Shift,,,Van 1,Present,6,1,,"Constantine Ltd, North Caldeen Road, Coatbridge, ML5 4EF",
A24-031,Night Shift,,,Van 2,Present,6,1,,"Constantine Ltd, North Caldeen Road, Coatbridge, ML5 4EF",
A24-032,Day Shift,,,Van 1,Present,1,0,,"32 Hamilton Drive, Glasgow, G12 8EE",
A24-032,Night Shift,,,Van 2,Present,1,0,,"32 Hamilton Drive, Glasgow, G12 8EE",
A24-033,Day Shift,,,Van 1,Present,1,0,,"1 Drymen Wynd, Bearsden, Glasgow, G61 2UB",
A24-033,Night Shift,,,Van 2,Present,1,0,,"1 Drymen Wynd, Bearsden, Glasgow, G61 2UB",
A24-034,Day Shift,,,Van 1,Present,1,0,,"23 Craigmillar Avenue, Milngavie,  Glasgow, G62 8AX",
A24-034,Night Shift,,,Van 2,Present,1,0,,"23 Craigmillar Avenue, Milngavie,  Glasgow, G62 8AX",
A24-037,Day Shift,,,Van 1,Present,2,1,,"Blue Square Business Centre, 272-274 Bath Street, Glasgow, G2 4JR",
A24-037,Night Shift,,,Van 2,Present,2,1,,"Blue Square Business Centre, 272-274 Bath Street, Glasgow, G2 4JR",
A24-042,Day Shift,,,Van 1,Present,2,2,,"Right There, 15 & 17 Dava Street, Glasgow, G51 2JA",
A24-042,Night Shift,,,Van 2,Present,2,2,,"Right There, 15 & 17 Dava Street, Glasgow, G51 2JA",
A24-043,Day Shift,,,Van 1,Present,2,2,,"Robertson Trust, 152 Bath Street, Glasgow, G2 4TB",
A24-043,Night Shift,,,Van 2,Present,2,2,,"Robertson Trust, 152 Bath Street, Glasgow, G2 4TB",
A24-043,Lock Up,,,Van 3,Present,2,2,,"Robertson Trust, 152 Bath Street, Glasgow, G2 4TB",
A24-050,Day Shift,,,Van 1,Present,7,0,,"Argyle House, 209 Govan Road, Glasgow, G51 1HJ",
A24-050,Night Shift,,,Van 2,Present,7,1,,"Argyle House, 209 Govan Road, Glasgow, G51 1HJ",
A24-051,Day Shift,,,Van 1,Present,0,0,,"Kintyre House, 209 Govan Road, Glasgow, G51 1HJ",Keys on A24-050
A24-051,Night Shift,,,Van 2,Present,0,0,,"Kintyre House, 209 Govan Road, Glasgow, G51 1HJ",Keys on A24-050
A24-052,Day Shift,,,Van 1,Present,4,1,,"Pavilion 4, Clyde Marine Recrutement, 355 Govan Road, Glasgow, G51 2SE",
A24-052,Night Shift,,,Van 2,Present,4,1,,"Pavilion 4, Clyde Marine Recrutement, 355 Govan Road, Glasgow, G51 2SE",
A24-055,Day Shift,,,Van 1,Present,0,1,,"Turning Point (Scotland) 1 Sandyford Road, Paisley, PA3 4HD",
A24-055,Night Shift,,,Van 2,Present,1,1,,"Turning Point (Scotland) 1 Sandyford Road, Paisley, PA3 4HD",
A24-057,Day Shift,,,Van 1,Present,3,2,,"490 Argyle Street, Glasgow, G2 8AL",
A24-057,Night Shift,,,Van 2,Present,3,2,,"490 Argyle Street, Glasgow, G2 8AL",
A24-058,Day Shift,,,Van 1,Present,1,0,,"31 Thorn Road, Glasgow, Bearsden, G61 4BS",
A24-058,Night Shift,,,Van 2,Present,1,0,,"31 Thorn Road, Glasgow, Bearsden, G61 4BS",
A24-059,Day Shift,,,Van 1,Present,2,0,,"Soapbox Design, 614 Eglinton St, Glasgow, G5 9RR",
A24-059,Night Shift,,,Van 2,Present,2,0,,"Soapbox Design, 614 Eglinton St, Glasgow, G5 9RR",
A24-061,Day Shift,,,Van 1,Present,6,0,,"Decourcy's Arcade, 5 Cresswell Lane, Glasgow, G12 8AA",
A24-061,Night Shift,,,Van 2,Present,6,0,,"Decourcy's Arcade, 5 Cresswell Lane, Glasgow, G12 8AA",
A24-064,Day Shift,,,Van 1,Present,5,1,,"Cerebral Palsy Scotland, 10 High Craighall Road, G4 9UD",
A24-064,Night Shift,,,Van 2,Present,5,1,,"Cerebral Palsy Scotland, 10 High Craighall Road, G4 9UD",
A24-066,Day Shift,,,Van 1,Present,5,2,,"Tomo Technology, unit 1-1, 17 Brand Place, Glasgow, G51 1DR",
A24-066,Night Shift,,,Van 2,Present,5,2,,"Tomo Technology, unit 1-1, 17 Brand Place, Glasgow, G51 1DR",
A24-067,Day Shift,,,Van 1,Present,4,3,,"1 Robroyston Oval, Rowan House, Glasgow, G33 1AP",
A24-067,Night Shift,,,Van 2,Present,3,0,,"1 Robroyston Oval, Rowan House, Glasgow, G33 1AP",
A24-067,Lock Up,,,Van 3,Present,1,3,,"1 Robroyston Oval, Rowan House, Glasgow, G33 1AP",
A24-068,Day Shift,,,Van 1,Present,4,0,,"Morrison Construction, Rowan House, 1 Robroyston Oval, Glasgow, G33 1AP",
A24-068,Night Shift,,,Van 2,Present,4,1,,"Morrison Construction, Rowan House, 1 Robroyston Oval, Glasgow, G33 1AP",
A24-070,Day Shift,,,Van 1,Present,2,1,,"Thomson Pavilion, Todd Campus, Glasgow, G20 0XA",
A24-070,Night Shift,,,Van 2,Present,2,1,,"Thomson Pavilion, Todd Campus, Glasgow, G20 0XA",
A24-070,Lock Up,,,Van 3,Present,2,2,,"Thomson Pavilion, Todd Campus, Glasgow, G20 0XA",
A24-073,Day Shift,,,Van 1,Present,2,1,,"Scottish Leather, 273-289 Dunn St, Glasgow, G40 3EA",
A24-073,Night Shift,,,Van 2,Present,2,1,,"Scottish Leather, 273-289 Dunn St, Glasgow, G40 3EA",
A24-075,Day Shift,,,Van 1,Present,1,2,,"18 Woodside Crescent, Glasgow, G3 7UL",
A24-075,Night Shift,,,Van 2,Present,1,2,,"18 Woodside Crescent, Glasgow, G3 7UL",
A24-076,Day Shift,,,Van 1,Present,2,2,,"19 Woodside Crescent, Glasgow, G3 7UL",
A24-076,Night Shift,,,Van 2,Present,2,2,,"19 Woodside Crescent, Glasgow, G3 7UL",
A24-077,Day Shift,,,Van 1,Present,2,0,,"Flat 1, 12 Kingsborough Gardens, Glasgow, G12 9QB",
A24-077,Night Shift,,,Van 2,Present,2,0,,"Flat 1, 12 Kingsborough Gardens, Glasgow, G12 9QB",
A24-078,Day Shift,,,Van 1,Present,4,1,,"302 St Vincent St, Glasgow G2 5RU",
A24-078,Night Shift,,,Van 2,Present,4,1,,"302 St Vincent St, Glasgow G2 5RU",
A24-080,Day Shift,,,Van 1,Present,7,1,,"Voidoid Ltd, Unit 1, 54 Helen Street, Glasgow, G51 3HQ",
A24-080,Night Shift,,,Van 2,Present,7,1,,"Voidoid Ltd, Unit 1, 54 Helen Street, Glasgow, G51 3HQ",
A24-082,Day Shift,,,Van 1,Present,1,1,,"Gavin's Mill Shop, 3 Gavin's Mill Rd, Milngavie, Glasgow G62 6NB",
A24-082,Night Shift,,,Van 2,Present,1,1,,"Gavin's Mill Shop, 3 Gavin's Mill Rd, Milngavie, Glasgow G62 6NB",
A24-085,Day Shift,,,Van 1,Present,1,0,,"Reprocell, Thomson Pavilion, Todd Campus, Glasgow, G20 0XA",
A24-085,Night Shift,,,Van 2,Present,1,0,,"Reprocell, Thomson Pavilion, Todd Campus, Glasgow, G20 0XA",
A24-088,Day Shift,,,Van 1,Present,4,0,,"Northcote Surgery, 2 Victoria Gardens, Glasgow, G12 9LD",
A24-088,Night Shift,,,Van 2,Present,4,0,,"Northcote Surgery, 2 Victoria Gardens, Glasgow, G12 9LD",
A24-091,Day Shift,,,Van 1,Present,2,1,,"Telford Pavilion, Todd Campus, Glasgow, G20 0X",
A24-091,Night Shift,,,Van 2,Present,3,2,,"Telford Pavilion, Todd Campus, Glasgow, G20 0X",
A24-091,Lock Up,,,Van 2,Present,2,1,,"Telford Pavilion, Todd Campus, Glasgow, G20 0X",
A24-092,Day Shift,,,Van 1,Present,1,1,,"Nevis Capital, 4th Floor, 221 West George Street, Glasgow, G2 2ND",
A24-092,Night Shift,,,Van 2,Present,1,2,,"Nevis Capital, 4th Floor, 221 West George Street, Glasgow, G2 2ND",
A24-093,Day Shift,,,Van 1,Present,2,0,,"189 Westland Drive, Glasgow, G14 9JQ",
A24-093,Night Shift,,,Van 2,Present,2,0,,"189 Westland Drive, Glasgow, G14 9JQ",
A24-097,Day Shift,,,Van 1,Present,3,0,,"68 Hamilton Drive, Glasgow, G12 8EE",
A24-097,Night Shift,,,Van 2,Present,3,0,,"68 Hamilton Drive, Glasgow, G12 8EE",
A24-103,Day Shift,,,Van 1,Present,1,0,,"OFGEM, 32 Albion Street, Glasgow, G1 1LH",
A24-103,Night Shift,,,Van 2,Present,1,1,,"OFGEM, 32 Albion Street, Glasgow, G1 1LH",
A24-105,Day Shift,,,Van 1,Present,7,1,,"Ireland Alloys, Craighead Works, Whistleberry Road, Hamilton, ML3 0HP",
A24-105,Night Shift,,,Van 2,Present,7,1,,"Ireland Alloys, Craighead Works, Whistleberry Road, Hamilton, ML3 0HP",
A24-109,Day Shift,,,Van 1,Present,5,0,,"Maritime House (ex Braid Logistics), 157 Woodville St, Glasgow G51 2RQ",
A24-109,Night Shift,,,Van 2,Present,6,0,,"Maritime House (ex Braid Logistics), 157 Woodville St, Glasgow G51 2RQ",
A24-110,Day Shift,,,No Keys Held,Present,0,0,,"Glasgow Brickyard, 512 Blochairn Rd, Glasgow G21 2DZ",
A24-110,Night Shift,,,No Keys Held,Present,0,0,,"Glasgow Brickyard, 512 Blochairn Rd, Glasgow G21 2DZ",
A24-111,Day Shift,,,No Keys Held,Present,0,0,,"Tarmac Uddingston, Greenelms Trading Est, Grays Road, Glasgow, G71 6ET",
A24-111,Night Shift,,,Van 2,Present,1,0,,"Tarmac Uddingston, Greenelms Trading Est, Grays Road, Glasgow, G71 6ET",
A24-117,Day Shift,,,Van 1,Present,2,0,,"R-Biopharm Rhône, Block 10 Todd Campus, West of Scotland Science Park, G20 0XA",
A24-117,Night Shift,,,Van 2,Present,2,0,,"R-Biopharm Rhône, Block 10 Todd Campus, West of Scotland Science Park, G20 0XA",
A24-118,Day Shift,,,Van 1,Present,1,2,,"Scottish Ballet, 25 Albert Drive, Glasgow, G41 2PE",
A24-118,Night Shift,,,Van 2,Present,1,2,,"Scottish Ballet, 25 Albert Drive, Glasgow, G41 2PE",
A24-119,Day Shift,,,No Keys Held,Present,0,0,,"Collagen Solutions, 3 Robroyston Oval, Pavilion 1, Robroyston, Glasgow G33 1AP",
A24-119,Night Shift,,,No Keys Held,Present,0,0,,"Collagen Solutions, 3 Robroyston Oval, Pavilion 1, Robroyston, Glasgow G33 1AP",
A24-120,Day Shift,,,No Keys Held,Present,0,0,,"5 Robroyston Oval Pavilion 2, Robroyston, Glasgow G33 1AP",
A24-120,Night Shift,,,No Keys Held,Present,0,0,,"5 Robroyston Oval Pavilion 2, Robroyston, Glasgow G33 1AP",
A24-121,Day Shift,,,No Keys Held,Present,0,0,,"7 Robroyston Oval, Orion House, Robroyston, Glasgow G33 1AP",
A24-121,Night Shift,,,No Keys Held,Present,0,0,,"7 Robroyston Oval, Orion House, Robroyston, Glasgow G33 1AP",
A24-123,Day Shift,,,Van 1,Present,4,2,,"Eastpark in Scotland, 1092 Maryhill Road, Glasgow, G20 9TD",
A24-123,Night Shift,,,Van 2,Present,5,2,,"Eastpark in Scotland, 1092 Maryhill Road, Glasgow, G20 9TD",
A24-124,Day Shift,,,Van 1,Present,2,0,,"Healthy & Happy, 18 Farmeloan Road, Rutherglen, G73 1DL",
A24-124,Night Shift,,,Van 2,Present,1,0,,"Healthy & Happy, 18 Farmeloan Road, Rutherglen, G73 1DL",
A24-126,Day Shift,,,Van 1,Present,5,1,,"The Beacon, 176 St Vincent Street, Glasgow, G2 5SG",
A24-126,Night Shift,,,Van 2,Present,5,1,,"The Beacon, 176 St Vincent Street, Glasgow, G2 5SG",
A24-127,Day Shift,,,Van 1,Present,1,0,,"Alan House, 25 Bothwell Street , Glasgow, G2 6NL",
A24-127,Night Shift,,,Van 2,Present,2,1,,"Alan House, 25 Bothwell Street , Glasgow, G2 6NL",
A24-128,Day Shift,,,Van 1,Present,0,1,,"145 St Vincent St, Glasgow G2 5JF",
A24-128,Night Shift,,,Van 2,Present,1,1,,"145 St Vincent St, Glasgow G2 5JF",
A24-129,Day Shift,,,No Keys Held,Present,0,0,,"Festival House, 177 West George St, Glasgow G2 2LB",
A24-129,Night Shift,,,No Keys Held,Present,0,0,,"Festival House, 177 West George St, Glasgow G2 2LB",
A24-130,Day Shift,,,Van 1,Present,1,0,,"The Gatehouse, 201 West George St, Glasgow, G2 2LW",
A24-130,Night Shift,,,Van 2,Present,2,1,,"The Gatehouse, 201 West George St, Glasgow, G2 2LW",
A24-132,Day Shift,,,Van 1,Present,3,1,,"The Mortgage Lender, 50 Waterloo Street, Glasgow G2 6HQ",
A24-132,Night Shift,,,Van 2,Present,3,2,,"The Mortgage Lender, 50 Waterloo Street, Glasgow G2 6HQ",
A24-134,Day Shift,,,No Keys Held,Present,0,0,,Routes To Work South (Pest Control Contract),
A24-134,Night Shift,,,No Keys Held,Present,0,0,,Routes To Work South (Pest Control Contract),
A24-135,Day Shift,,,Van 1,Present,0,3,,"Flemington House, 110 Flemington Street, Springburn, Glasgow G21 4TD
",
A24-135,Night Shift,,,Van 2,Present,1,2,,"Flemington House, 110 Flemington Street, Springburn, Glasgow G21 4TD
",
A24-138,Day Shift,,,Van 1,Present,1,1,,"100 Berkeley St, Glasgow, G3 7HU",
A24-138,Night Shift,,,Van 2,Present,1,1,,"100 Berkeley St, Glasgow, G3 7HU",
A24-140,Day Shift,,,Van 1,Present,2,1,,"Maryhill Housing Association, 45 Garrioch Road, Glasgow, G20 8RG",
A24-140,Night Shift,,,Van 2,Present,3,1,,"Maryhill Housing Association, 45 Garrioch Road, Glasgow, G20 8RG",
A24-141,Day Shift,,,Van 1,Present,1,1,,"23 Nelson Mandela Place, Glasgow, G2 1QY",
A24-141,Night Shift,,,No Keys Held,Present,0,0,,"23 Nelson Mandela Place, Glasgow, G2 1QY",
A24-142,Day Shift,,,No Keys Held,Present,0,0,,"4 Glassford Street, Glasgow, G1 5RY",
A24-142,Night Shift,,,No Keys Held,Present,0,0,,"4 Glassford Street, Glasgow, G1 5RY",
